PRD0901281;2597
PRD0901280;1746
PRD0904306;3759
PRD0901279;278
PRD0904304;481
PRD0904305;1330
PRD0904308;889
PRD0904309;3786
PRD0901272;3645
PRD0901271;1956
PRD0901274;3347
PRD0901276;1224
PRD0901278;553
PRD0901277;1050
PRD0904301;3004
PRD0901290;3617
PRD0901292;802
PRD0901291;1794
PRD0904318;1176
PRD0904315;2990
PRD0904316;2871
PRD0904319;534
PRD0901283;1489
PRD0904310;2888
PRD0901282;3120
PRD0901285;2273
PRD0901284;3784
PRD0901287;738
PRD0901286;906
PRD0904311;817
PRD0901289;3083
PRD0901288;892
PRD0902590;1054
PRD0901258;2254
PRD0901257;2754
PRD0902588;2066
PRD0901259;1107
PRD0902589;2406
PRD0902582;1887
PRD0901250;2313
PRD0902583;1203
PRD0901252;3503
PRD0902580;3555
PRD0902581;2220
PRD0901251;2910
PRD0902586;1331
PRD0901254;2589
PRD0901253;456
PRD0902587;800
PRD0901256;2300
PRD0902584;2521
PRD0901255;152
PRD0902585;1592
PRD0901270;916
PRD0901269;3149
PRD0901268;3705
PRD0902599;1553
PRD0901261;2447
PRD0902594;1832
PRD0901263;3206
PRD0901262;1658
PRD0902592;3697
PRD0901265;126
PRD0902597;1945
PRD0902598;249
PRD0901264;2441
PRD0902595;2522
PRD0902596;904
PRD0903899;3028
PRD0902569;1246
PRD0901235;3700
PRD0902566;911
PRD0901238;1349
PRD0903897;3538
PRD0903898;723
PRD0901237;2741
PRD0901239;2213
PRD0903891;685
PRD0902560;1733
PRD0902561;308
PRD0901230;432
PRD0903890;1639
PRD0902564;2698
PRD0903896;1232
PRD0902565;1719
PRD0901231;2071
PRD0902562;2745
PRD0903893;3219
PRD0901233;2201
PRD0902563;2345
PRD0902579;2950
PRD0901247;3442
PRD0901246;3501
PRD0901249;3569
PRD0902577;3646
PRD0901248;1034
PRD0902578;2588
PRD0902571;2460
PRD0901241;1941
PRD0902570;919
PRD0901240;2988
PRD0902575;2619
PRD0901243;3139
PRD0901242;524
PRD0902576;610
PRD0902573;1085
PRD0903877;267
PRD0901214;997
PRD0902546;2627
PRD0903878;1088
PRD0902547;3425
PRD0901216;1187
PRD0902544;2316
PRD0903875;2327
PRD0903876;1816
PRD0901215;3696
PRD0902545;3703
PRD0901218;848
PRD0902548;3517
PRD0903879;3662
PRD0901219;73
PRD0902549;2133
PRD0903870;3581
PRD0902542;470
PRD0901210;3621
PRD0903874;3224
PRD0902540;91
PRD0901212;1244
PRD0902541;706
PRD0901211;1915
PRD0903872;3515
PRD0901225;361
PRD0903888;2535
PRD0902557;3597
PRD0902558;499
PRD0901224;2373
PRD0903889;2626
PRD0902555;540
PRD0901227;3133
PRD0903886;3210
PRD0901226;325
PRD0902556;1993
PRD0901229;604
PRD0901228;117
PRD0902559;1202
PRD0903881;3277
PRD0903884;2512
PRD0901221;2919
PRD0901220;1269
PRD0902554;2584
PRD0903882;1629
PRD0902551;2348
PRD0901223;3695
PRD0901222;1116
PRD0903883;2524
PRD0903855;3457
PRD0902524;3482
PRD0902525;1005
PRD0903853;1967
PRD0902522;2751
PRD0903854;2206
PRD0903859;1149
PRD0902528;1797
PRD0902526;2381
PRD0903851;2451
PRD0902520;3328
PRD0903852;1859
PRD0902521;3465
PRD0903850;1163
PRD0903866;1156
PRD0902535;3157
PRD0902536;557
PRD0903867;810
PRD0901202;1321
PRD0903864;1839
PRD0901205;2184
PRD0902533;3424
PRD0903865;2060
PRD0901204;2876
PRD0902539;1003
PRD0901207;2872
PRD0901206;2852
PRD0903868;362
PRD0902537;1958
PRD0901209;3723
PRD0903869;415
PRD0903862;2280
PRD0902532;1669
PRD0903863;3317
PRD0901201;532
PRD0903860;944
PRD0901200;1151
PRD0903861;2093
PRD0902530;3041
PRD0902509;1818
PRD0902502;2225
PRD0903833;3055
PRD0903834;530
PRD0902503;1233
PRD0902500;1362
PRD0903831;3484
PRD0903832;1953
PRD0902501;2090
PRD0903837;809
PRD0902506;3439
PRD0902507;187
PRD0903835;114
PRD0902505;835
PRD0903836;1966
PRD0902519;1477
PRD0903844;2798
PRD0902513;3062
PRD0903845;461
PRD0902514;2930
PRD0902511;2629
PRD0903842;3544
PRD0902517;1597
PRD0902518;3279
PRD0903846;205
PRD0902515;1284
PRD0902516;2709
PRD0903841;2243
PRD0903819;15
PRD0903817;2169
PRD0900785;3658
PRD0903812;626
PRD0900784;2292
PRD0900787;891
PRD0900786;255
PRD0903810;1939
PRD0903815;2094
PRD0903816;549
PRD0900788;2681
PRD0903813;1422
PRD0903814;1121
PRD0900781;2977
PRD0900780;311
PRD0903828;395
PRD0903829;2777
PRD0903822;951
PRD0900796;1033
PRD0900795;1192
PRD0903823;2663
PRD0903820;3693
PRD0903821;2470
PRD0900797;2915
PRD0903826;3441
PRD0903827;585
PRD0903824;3608
PRD0903825;1055
PRD0900790;3871
PRD0900791;2419
PRD0900794;1217
PRD0900762;3189
PRD0900765;2941
PRD0900764;2137
PRD0900767;3255
PRD0900766;2382
PRD0900769;1439
PRD0900761;104
PRD0900760;1378
PRD0903809;1791
PRD0903806;501
PRD0903807;2707
PRD0900774;1115
PRD0903800;2349
PRD0903801;3238
PRD0900776;1166
PRD0900775;1466
PRD0903804;1776
PRD0903805;871
PRD0900777;2151
PRD0903802;2987
PRD0900779;1379
PRD0900771;363
PRD0900749;531
PRD0900748;1399
PRD0900741;523
PRD0900740;3753
PRD0900743;2993
PRD0900745;97
PRD0900744;3082
PRD0900747;3077
PRD0900759;634
PRD0900752;1376
PRD0900751;1758
PRD0900754;1294
PRD0900753;1071
PRD0900755;451
PRD0900757;1109
PRD0900727;2608
PRD0900729;2011
PRD0900728;1877
PRD0900721;1132
PRD0900720;3333
PRD0900723;3491
PRD0900722;1457
PRD0900725;1
PRD0900724;2103
PRD0900738;1538
PRD0900737;2730
PRD0900732;3229
PRD0900731;2949
PRD0900734;201
PRD0900733;1225
PRD0900736;301
PRD0900735;3249
PRD0900705;2405
PRD0900707;3671
PRD0900709;1771
PRD0900701;2276
PRD0900700;24
PRD0900702;3398
PRD0900715;856
PRD0900718;1110
PRD0900717;2992
PRD0900719;3712
PRD0900712;1195
PRD0900713;103
PRD0904291;3244
PRD0904294;302
PRD0904295;2221
PRD0904292;2193
PRD0904293;2780
PRD0904288;1876
PRD0904286;336
PRD0904289;1643
PRD0904298;691
PRD0904299;2390
PRD0904297;2079
PRD0904272;1534
PRD0904273;181
PRD0904270;3101
PRD0904271;3433
PRD0904265;1777
PRD0904266;1323
PRD0904263;2939
PRD0904264;1793
PRD0904269;664
PRD0904267;2957
PRD0904283;716
PRD0904284;2926
PRD0904281;495
PRD0904282;3132
PRD0904276;1844
PRD0904277;3311
PRD0904274;3566
PRD0904275;344
PRD0904278;2238
PRD0904250;180
PRD0904251;3108
PRD0904249;322
PRD0904243;2120
PRD0904244;1621
PRD0904241;518
PRD0904242;3345
PRD0904248;68
PRD0904245;1329
PRD0904246;450
PRD0904261;2334
PRD0904262;1228
PRD0904254;1096
PRD0904255;2510
PRD0904252;1480
PRD0904253;3817
PRD0904258;1786
PRD0904256;2199
PRD0904229;2998
PRD0904227;3460
PRD0904228;3518
PRD0901195;3394
PRD0901194;33
PRD0901197;3110
PRD0901196;946
PRD0901199;2572
PRD0904225;3628
PRD0901198;2716
PRD0904226;3145
PRD0904224;3359
PRD0904240;1911
PRD0904239;3579
PRD0904232;1661
PRD0904233;2944
PRD0904230;1266
PRD0904237;1278
PRD0904234;2019
PRD0904235;3561
PRD0901180;650
PRD0901182;2229
PRD0901181;1795
PRD0904207;3053
PRD0904208;2352
PRD0904205;3007
PRD0904209;100
PRD0901173;1950
PRD0901172;814
PRD0904203;1865
PRD0901176;1094
PRD0904204;1270
PRD0901179;3357
PRD0904201;3500
PRD0904202;321
PRD0901178;1803
PRD0901190;1359
PRD0901193;3265
PRD0901192;1647
PRD0904218;2907
PRD0904219;3072
PRD0904217;3192
PRD0904210;1895
PRD0904211;2414
PRD0901186;1063
PRD0901185;1440
PRD0901188;648
PRD0901187;254
PRD0904215;2617
PRD0904212;701
PRD0904213;3169
PRD0900071;3172
PRD0904427;3013
PRD0904428;1678
PRD0900069;3448
PRD0904425;692
PRD0904426;290
PRD0901393;1037
PRD0900062;3781
PRD0901392;787
PRD0900061;1215
PRD0904420;1972
PRD0901395;1539
PRD0900064;3756
PRD0901394;1717
PRD0900066;275
PRD0904423;1521
PRD0900065;304
PRD0904424;1191
PRD0901396;3560
PRD0904421;1001
PRD0901399;2222
PRD0901398;2580
PRD0904422;2768
PRD0900080;1947
PRD0900082;1840
PRD0903107;2310
PRD0904438;2609
PRD0903108;2058
PRD0904436;1161
PRD0903105;3480
PRD0903106;1134
PRD0904437;1436
PRD0903109;2115
PRD0904430;703
PRD0903100;231
PRD0904431;2695
PRD0900074;2547
PRD0904434;46
PRD0900077;1338
PRD0900076;419
PRD0904435;2631
PRD0903101;1634
PRD0904432;3449
PRD0900078;102
PRD0903102;922
PRD0904433;1416
PRD0904405;724
PRD0901379;1352
PRD0900048;1809
PRD0904406;3864
PRD0904403;3258
PRD0904404;936
PRD0900049;2430
PRD0904409;388
PRD0904407;1114
PRD0904408;1648
PRD0900040;2075
PRD0901370;2651
PRD0901375;2578
PRD0904401;2760
PRD0900044;3020
PRD0901374;1978
PRD0904402;3487
PRD0900046;736
PRD0901377;1862
PRD0900045;230
PRD0901376;1898
PRD0904400;2020
PRD0900060;3161
PRD0901391;3724
PRD0901390;1230
PRD0901389;934
PRD0900058;1764
PRD0904417;2834
PRD0904414;2319
PRD0904415;2606
PRD0904418;145
PRD0904419;1056
PRD0901382;1342
PRD0900051;1799
PRD0900050;832
PRD0901381;1979
PRD0901384;1458
PRD0900053;1567
PRD0900052;184
PRD0901383;601
PRD0901386;2202
PRD0900055;2793
PRD0904412;3270
PRD0900054;880
PRD0904413;2162
PRD0901385;3668
PRD0904410;1535
PRD0901388;1706
PRD0900057;1784
PRD0901387;2282
PRD0904411;2379
PRD0900056;3514
PRD0901357;1188
PRD0902689;1513
PRD0900026;1606
PRD0901356;2542
PRD0900025;2933
PRD0901359;293
PRD0902687;629
PRD0900028;1252
PRD0900027;121
PRD0902688;2027
PRD0901358;3849
PRD0900029;3434
PRD0902681;2712
PRD0902682;1864
PRD0901351;1659
PRD0901350;907
PRD0902680;3079
PRD0901353;399
PRD0902685;1060
PRD0902686;1927
PRD0901352;2017
PRD0900021;3166
PRD0901355;1044
PRD0901354;3174
PRD0902684;3365
PRD0900037;1725
PRD0901367;2602
PRD0900036;3417
PRD0901369;10
PRD0902699;484
PRD0902692;645
PRD0901360;3015
PRD0902693;3301
PRD0902690;1850
PRD0902691;1713
PRD0901361;1930
PRD0900030;3603
PRD0901364;1600
PRD0900033;3296
PRD0900032;961
PRD0902697;1988
PRD0901366;742
PRD0902694;2388
PRD0900034;101
PRD0901365;405
PRD0902695;852
PRD0901335;833
PRD0902667;1129
PRD0903998;1479
PRD0900004;3473
PRD0901334;2779
PRD0903999;2792
PRD0902668;3332
PRD0901337;1753
PRD0900006;1936
PRD0903996;2560
PRD0902665;3541
PRD0902666;558
PRD0903997;1749
PRD0900005;1906
PRD0901336;3592
PRD0900008;411
PRD0901339;3179
PRD0901338;67
PRD0900007;2719
PRD0902669;3251
PRD0900009;164
PRD0903990;3800
PRD0903991;229
PRD0902660;635
PRD0901331;2498
PRD0903995;3346
PRD0903992;1709
PRD0902661;2279
PRD0901333;2357
PRD0900002;3243
PRD0903993;45
PRD0902662;1827
PRD0901332;3682
PRD0902678;739
PRD0900015;2346
PRD0902679;147
PRD0900014;728
PRD0901348;61
PRD0902676;2401
PRD0900017;2822
PRD0900019;2457
PRD0901349;2025
PRD0900018;3527
PRD0902671;163
PRD0901340;2853
PRD0902674;1260
PRD0901342;2372
PRD0902675;441
PRD0901341;1012
PRD0900010;2819
PRD0902672;757
PRD0900013;1813
PRD0901343;1471
PRD0902673;2042
PRD0902645;541
PRD0903976;3530
PRD0903977;1297
PRD0902646;1858
PRD0902643;778
PRD0903974;2321
PRD0903975;1371
PRD0901317;1397
PRD0901316;139
PRD0901319;514
PRD0902647;1153
PRD0903978;3201
PRD0902648;2450
PRD0901318;3780
PRD0903972;1918
PRD0902642;250
PRD0903973;3575
PRD0901311;2905
PRD0903970;3052
PRD0903971;2758
PRD0901310;3510
PRD0903987;1646
PRD0902656;2097
PRD0901324;2805
PRD0903988;64
PRD0902657;793
PRD0901323;3760
PRD0902654;3124
PRD0902655;500
PRD0903986;1560
PRD0901328;2209
PRD0901327;2087
PRD0902658;2398
PRD0901329;504
PRD0902659;2112
PRD0903980;2208
PRD0903983;3351
PRD0902652;3684
PRD0902653;211
PRD0903984;485
PRD0902650;1277
PRD0901322;1575
PRD0903981;2218
PRD0903982;1735
PRD0902651;3672
PRD0902629;1380
PRD0903954;1183
PRD0902623;1697
PRD0902624;3623
PRD0902621;895
PRD0902622;3740
PRD0902627;431
PRD0903959;1556
PRD0902628;1938
PRD0903956;1251
PRD0902625;2314
PRD0903957;1315
PRD0902626;2107
PRD0903950;3256
PRD0902620;2099
PRD0903951;3154
PRD0901309;1098
PRD0903965;3026
PRD0902634;3709
PRD0901301;469
PRD0901304;1113
PRD0903963;2100
PRD0902632;2295
PRD0901303;598
PRD0903964;2739
PRD0902638;804
PRD0901306;2237
PRD0901305;2800
PRD0902639;3546
PRD0902636;1381
PRD0901308;2691
PRD0901307;1220
PRD0902637;2391
PRD0903968;3046
PRD0902630;674
PRD0903961;1316
PRD0903962;1561
PRD0902631;2641
PRD0903960;2699
PRD0902609;508
PRD0902607;2940
PRD0903939;221
PRD0902608;1830
PRD0902601;695
PRD0903932;3816
PRD0902602;681
PRD0903933;779
PRD0903930;3215
PRD0903931;1118
PRD0902600;2997
PRD0902605;2207
PRD0903936;3309
PRD0902606;617
PRD0902603;108
PRD0903934;653
PRD0903935;1796
PRD0902618;529
PRD0903949;2991
PRD0902619;2038
PRD0902612;3732
PRD0902613;643
PRD0903944;2234
PRD0903941;492
PRD0902610;1102
PRD0903942;3006
PRD0902611;3447
PRD0902617;2883
PRD0902614;1319
PRD0902615;2827
PRD0903940;44
PRD0903918;1541
PRD0903917;639
PRD0900884;569
PRD0903910;2061
PRD0900883;2148
PRD0903911;3582
PRD0900886;1126
PRD0900885;2672
PRD0900888;900
PRD0903914;3387
PRD0900887;3216
PRD0903913;693
PRD0900889;879
PRD0900882;1308
PRD0900881;3109
PRD0903929;3100
PRD0903927;1498
PRD0903921;3835
PRD0903922;1558
PRD0900897;2170
PRD0903920;1524
PRD0900896;3476
PRD0903925;43
PRD0900899;124
PRD0900898;1465
PRD0903923;2224
PRD0903924;1119
PRD0900891;446
PRD0900890;3231
PRD0900893;3297
PRD0900869;2869
PRD0900862;3050
PRD0900863;1773
PRD0900865;2403
PRD0900868;752
PRD0900867;2518
PRD0900860;2759
PRD0903907;2486
PRD0903908;1994
PRD0903905;3128
PRD0903906;2272
PRD0903909;1334
PRD0900873;1198
PRD0903900;272
PRD0900875;587
PRD0900877;1357
PRD0903903;3017
PRD0900876;872
PRD0903901;2857
PRD0900878;401
PRD0903902;3217
PRD0900871;964
PRD0900870;1983
PRD0900847;351
PRD0900849;2742
PRD0900840;1645
PRD0900844;472
PRD0900843;396
PRD0900846;2828
PRD0900845;1320
PRD0900859;1021
PRD0900858;3376
PRD0900851;985
PRD0900853;1255
PRD0900852;568
PRD0900855;2945
PRD0900854;3744
PRD0900857;2074
PRD0900856;1391
PRD0900826;2145
PRD0900825;3312
PRD0900828;3379
PRD0900820;1193
PRD0900822;2394
PRD0900821;1543
PRD0900823;3375
PRD0903099;1248
PRD0903098;1038
PRD0900837;1611
PRD0900836;2105
PRD0900839;2909
PRD0900838;150
PRD0900830;31
PRD0900833;1271
PRD0900832;1407
PRD0900835;2262
PRD0900834;2111
PRD0903080;830
PRD0903081;606
PRD0903084;3643
PRD0903085;2187
PRD0903082;2399
PRD0903083;3717
PRD0900803;1943
PRD0900805;3322
PRD0900807;1398
PRD0900809;1310
PRD0900800;1785
PRD0900802;1688
PRD0900801;1705
PRD0903077;2364
PRD0903078;111
PRD0903075;2650
PRD0903076;2964
PRD0903079;3469
PRD0903091;1061
PRD0903090;827
PRD0903095;965
PRD0903096;457
PRD0903093;93
PRD0903094;2084
PRD0900815;1387
PRD0900814;3410
PRD0900817;2155
PRD0900819;1273
PRD0900818;2067
PRD0900811;3470
PRD0900810;1772
PRD0900812;3790
PRD0903088;1247
PRD0903089;3025
PRD0903086;3281
PRD0903062;1206
PRD0904394;1097
PRD0903063;3212
PRD0904391;115
PRD0903060;2203
PRD0903061;1545
PRD0904392;3728
PRD0903055;2995
PRD0904387;1157
PRD0903053;92
PRD0904384;2831
PRD0903054;2484
PRD0904385;3749
PRD0903057;633
PRD0904388;2654
PRD0903058;2332
PRD0904389;2901
PRD0903073;981
PRD0903074;212
PRD0903071;2435
PRD0903072;3659
PRD0904397;735
PRD0903066;2763
PRD0904398;1299
PRD0903064;3274
PRD0904396;2711
PRD0904399;3113
PRD0903069;2192
PRD0904371;144
PRD0903040;2296
PRD0904372;717
PRD0903041;2301
PRD0904370;1262
PRD0903039;3086
PRD0904364;273
PRD0903033;805
PRD0903034;2824
PRD0904365;3371
PRD0904363;28
PRD0903037;2961
PRD0904369;774
PRD0903038;3252
PRD0904366;80
PRD0903035;2803
PRD0904367;1460
PRD0903051;2247
PRD0904382;3117
PRD0903052;134
PRD0904380;2858
PRD0903050;263
PRD0903044;1040
PRD0904375;1782
PRD0904376;831
PRD0903042;233
PRD0904373;2701
PRD0904374;199
PRD0903043;941
PRD0904379;387
PRD0903048;2268
PRD0903046;1046
PRD0903047;1917
PRD0904350;3193
PRD0903019;847
PRD0904348;677
PRD0903017;990
PRD0903018;3177
PRD0904340;137
PRD0903010;1296
PRD0904347;1527
PRD0904344;1890
PRD0903013;2049
PRD0904345;299
PRD0903014;2620
PRD0904360;1769
PRD0903030;1802
PRD0903028;627
PRD0904359;3065
PRD0903022;867
PRD0904353;3631
PRD0904354;3654
PRD0903023;3706
PRD0904351;3348
PRD0903020;3666
PRD0903021;2190
PRD0904352;3687
PRD0904357;412
PRD0903026;1047
PRD0904358;20
PRD0903027;2445
PRD0904355;2121
PRD0903025;3776
PRD0904356;3810
PRD0904328;3731
PRD0904329;2529
PRD0904327;2180
PRD0901294;375
PRD0904320;3036
PRD0901293;765
PRD0904321;1845
PRD0901295;942
PRD0904324;1767
PRD0901298;3743
PRD0904325;2244
PRD0901297;3173
PRD0904322;3126
PRD0904323;1159
PRD0901299;2984
PRD0904339;430
PRD0903008;1731
PRD0903009;3151
PRD0904337;1461
PRD0903007;110
PRD0903000;1881
PRD0904331;3663
PRD0904332;182
PRD0903001;955
PRD0904330;1141
PRD0904335;1959
PRD0903004;3837
PRD0904336;2556
PRD0904334;236
PRD0903003;2035
PRD0902370;1433
PRD0901038;874
PRD0901037;962
PRD0902368;1245
PRD0903699;3303
PRD0901039;753
PRD0903693;743
PRD0902362;3563
PRD0903694;1944
PRD0902363;2325
PRD0901032;1235
PRD0903691;2725
PRD0901031;592
PRD0902361;898
PRD0903692;3549
PRD0903697;2489
PRD0901034;3059
PRD0902366;3374
PRD0902367;3751
PRD0903695;761
PRD0902364;3455
PRD0902365;129
PRD0901035;1243
PRD0903696;2569
PRD0902380;3137
PRD0901049;976
PRD0901048;1219
PRD0902374;918
PRD0902371;901
PRD0901043;3396
PRD0901042;603
PRD0902372;2970
PRD0902377;1515
PRD0901045;2515
PRD0901044;1667
PRD0902375;423
PRD0901047;905
PRD0902376;3011
PRD0901046;3289
PRD0901016;3509
PRD0903677;335
PRD0901018;3226
PRD0903678;62
PRD0902347;153
PRD0901017;224
PRD0901019;2559
PRD0903671;2659
PRD0902340;3861
PRD0903672;970
PRD0902341;3042
PRD0901010;1080
PRD0903670;1656
PRD0901012;3259
PRD0902345;581
PRD0901011;2309
PRD0901014;630
PRD0902342;2856
PRD0901013;1752
PRD0903674;3681
PRD0902343;3851
PRD0903690;584
PRD0902359;408
PRD0901027;781
PRD0901026;437
PRD0902357;1905
PRD0903688;2271
PRD0901028;218
PRD0902358;2113
PRD0903689;2575
PRD0902351;1415
PRD0902352;190
PRD0903680;1070
PRD0901021;3292
PRD0901020;771
PRD0902350;3288
PRD0902355;1886
PRD0903686;2344
PRD0903687;1615
PRD0902356;2356
PRD0901025;2912
PRD0902353;3773
PRD0901024;352
PRD0903685;465
PRD0902354;2432
PRD0903657;2293
PRD0904988;314
PRD0903658;1932
PRD0903655;663
PRD0902324;2543
PRD0904986;2921
PRD0902325;3715
PRD0902328;1628
PRD0903659;2776
PRD0902329;3870
PRD0904981;2579
PRD0903650;924
PRD0902322;935
PRD0904985;3525
PRD0903654;2030
PRD0902323;3350
PRD0903651;1009
PRD0904983;3056
PRD0904982;731
PRD0902321;2697
PRD0903668;342
PRD0901004;2971
PRD0902338;3750
PRD0901007;70
PRD0902335;1032
PRD0903667;202
PRD0901006;2005
PRD0901009;489
PRD0901008;615
PRD0903660;2553
PRD0902330;2634
PRD0904991;3532
PRD0903661;3719
PRD0904990;1482
PRD0903664;1569
PRD0902333;2696
PRD0901001;3679
PRD0902334;1511
PRD0903665;2029
PRD0904995;2116
PRD0901003;84
PRD0904994;1542
PRD0903662;3178
PRD0904993;2552
PRD0903663;3384
PRD0901002;3395
PRD0902332;3553
PRD0904967;2862
PRD0903635;3273
PRD0902305;2568
PRD0903636;3499
PRD0904965;1214
PRD0902302;3440
PRD0903633;3785
PRD0902303;2830
PRD0904964;3554
PRD0903639;49
PRD0902308;2545
PRD0902309;2658
PRD0903637;1593
PRD0904969;1974
PRD0902306;3354
PRD0904963;670
PRD0903631;2959
PRD0903632;310
PRD0904962;839
PRD0902301;2483
PRD0904961;2409
PRD0904960;1205
PRD0903630;1808
PRD0904978;1792
PRD0902315;2448
PRD0903646;3772
PRD0904977;2185
PRD0903647;2784
PRD0902316;3564
PRD0904976;183
PRD0903644;284
PRD0902313;3090
PRD0902314;861
PRD0902317;1143
PRD0902318;1292
PRD0904974;582
PRD0903642;2956
PRD0902311;3136
PRD0902312;1880
PRD0904973;2530
PRD0904972;1847
PRD0902310;2513
PRD0903619;319
PRD0904945;60
PRD0903613;3197
PRD0903614;2764
PRD0900589;1309
PRD0903611;1587
PRD0903612;143
PRD0900588;2393
PRD0904942;2511
PRD0903617;445
PRD0904949;3105
PRD0903618;460
PRD0903615;459
PRD0904947;2109
PRD0904946;3492
PRD0900581;3047
PRD0900580;954
PRD0900583;277
PRD0904941;1617
PRD0900582;2427
PRD0904940;2708
PRD0903610;3181
PRD0900585;1856
PRD0900584;1913
PRD0900598;1923
PRD0903624;3368
PRD0900597;1828
PRD0903625;2810
PRD0903622;3826
PRD0903623;2088
PRD0900599;3618
PRD0903628;2217
PRD0903629;2850
PRD0904958;232
PRD0903627;270
PRD0904957;741
PRD0900592;2710
PRD0903620;179
PRD0904952;2946
PRD0904951;608
PRD0903621;713
PRD0900593;987
PRD0900596;3714
PRD0900595;3331
PRD0900565;1757
PRD0901896;1875
PRD0904923;2502
PRD0900564;2436
PRD0904921;864
PRD0900567;1123
PRD0901898;1237
PRD0904920;535
PRD0900566;2465
PRD0901897;3223
PRD0900569;551
PRD0900568;1124
PRD0901899;2679
PRD0904926;3171
PRD0904925;2538
PRD0901892;819
PRD0900561;2438
PRD0901891;576
PRD0900560;1019
PRD0900563;3112
PRD0901894;3677
PRD0903608;1838
PRD0903609;3180
PRD0904939;3261
PRD0904934;2621
PRD0903602;2986
PRD0904933;253
PRD0900575;3843
PRD0900578;1982
PRD0904932;3823
PRD0903601;1178
PRD0904931;2664
PRD0900577;3049
PRD0904938;1418
PRD0903606;2733
PRD0903607;1077
PRD0904937;1293
PRD0904936;1075
PRD0903604;3504
PRD0904935;1076
PRD0903605;1987
PRD0900570;2622
PRD0900572;1779
PRD0904930;2080
PRD0900571;1125
PRD0900574;1409
PRD0900573;882
PRD0904909;1335
PRD0904908;748
PRD0904907;2607
PRD0904906;2232
PRD0901874;2264
PRD0900543;2925
PRD0901873;1854
PRD0900542;2581
PRD0901876;1533
PRD0900545;2994
PRD0901878;429
PRD0904905;1681
PRD0900547;2172
PRD0901877;120
PRD0904903;3381
PRD0900548;2503
PRD0904902;3241
PRD0901870;1583
PRD0901872;397
PRD0900541;2611
PRD0901871;538
PRD0900540;1650
PRD0904919;709
PRD0904918;602
PRD0904917;53
PRD0901885;2147
PRD0904912;2326
PRD0900554;2931
PRD0904911;1177
PRD0901884;1685
PRD0900553;3730
PRD0901887;417
PRD0904910;3650
PRD0900556;3683
PRD0901886;300
PRD0900555;764
PRD0904916;195
PRD0900557;276
PRD0901888;1640
PRD0904915;1963
PRD0904914;3641
PRD0900559;3627
PRD0901881;631
PRD0901883;1099
PRD0900551;3194
PRD0900528;435
PRD0901859;3794
PRD0900521;1150
PRD0901852;3827
PRD0900520;1430
PRD0900523;1744
PRD0901854;3866
PRD0901853;673
PRD0900522;785
PRD0901856;3456
PRD0900525;3727
PRD0900524;3001
PRD0901855;3278
PRD0901858;3125
PRD0900527;3400
PRD0901857;2278
PRD0900526;2918
PRD0901850;258
PRD0901863;658
PRD0900532;1067
PRD0900531;487
PRD0901862;2794
PRD0900534;1743
PRD0901865;3353
PRD0900533;2228
PRD0901867;623
PRD0900536;975
PRD0901866;2153
PRD0900538;2985
PRD0901869;3548
PRD0900537;609
PRD0901861;1810
PRD0900530;3852
PRD0901860;34
PRD0900507;996
PRD0901838;1712
PRD0901837;106
PRD0900506;2791
PRD0900509;3752
PRD0900508;496
PRD0901839;1780
PRD0901832;1804
PRD0900501;3778
PRD0900500;326
PRD0901831;644
PRD0901834;1373
PRD0900503;2865
PRD0900502;1456
PRD0901833;1576
PRD0900505;2076
PRD0901836;2999
PRD0901835;3048
PRD0901849;877
PRD0900518;2548
PRD0901848;1730
PRD0900517;1955
PRD0900519;881
PRD0901840;939
PRD0900512;3208
PRD0901843;3754
PRD0901842;3556
PRD0901845;1120
PRD0900514;3867
PRD0900513;1015
PRD0901844;1729
PRD0900516;1581
PRD0904092;136
PRD0904093;2078
PRD0904090;427
PRD0904091;1495
PRD0904096;654
PRD0904097;2142
PRD0901818;3831
PRD0901817;1692
PRD0901810;1414
PRD0901812;2761
PRD0901811;1747
PRD0901813;1101
PRD0904089;3856
PRD0904088;1526
PRD0901827;2525
PRD0901826;2308
PRD0901829;894
PRD0901828;2564
PRD0901821;330
PRD0901820;841
PRD0901823;1189
PRD0901822;2640
PRD0901825;1257
PRD0901824;2924
PRD0904098;2052
PRD0904099;611
PRD0904070;3446
PRD0904071;3431
PRD0904074;2694
PRD0904075;1919
PRD0904072;1933
PRD0904073;2774
PRD0904067;3626
PRD0904068;2335
PRD0904065;3520
PRD0904066;1145
PRD0904081;3118
PRD0904082;1300
PRD0904080;2013
PRD0904085;2591
PRD0904086;2973
PRD0904083;932
PRD0904084;3808
PRD0901805;2168
PRD0901806;3824
PRD0901809;74
PRD0901808;3337
PRD0901801;1965
PRD0901800;3595
PRD0901803;3377
PRD0901802;63
PRD0904079;2508
PRD0904076;2727
PRD0904077;1525
PRD0904050;1788
PRD0904045;1064
PRD0904046;1499
PRD0904043;1528
PRD0904044;386
PRD0904047;865
PRD0904048;2156
PRD0904060;2981
PRD0904063;1000
PRD0904064;3254
PRD0904061;1289
PRD0904062;2377
PRD0904056;3352
PRD0904057;2371
PRD0904054;3237
PRD0904055;480
PRD0904058;2351
PRD0904059;1261
PRD0904030;3027
PRD0904029;185
PRD0904023;1750
PRD0904024;1469
PRD0904027;2700
PRD0904028;2785
PRD0904025;494
PRD0904026;2478
PRD0904041;3690
PRD0904040;3635
PRD0904034;3220
PRD0904035;2400
PRD0904033;3103
PRD0904038;216
PRD0904039;2897
PRD0904036;1618
PRD0904009;2676
PRD0904007;1368
PRD0904008;1770
PRD0904001;563
PRD0904002;2150
PRD0904000;285
PRD0904005;385
PRD0904004;1459
PRD0904020;2678
PRD0904018;3656
PRD0904019;2178
PRD0904013;1027
PRD0904010;3622
PRD0904011;3162
PRD0904016;2605
PRD0904014;2562
PRD0904015;2746
PRD0902292;174
PRD0902290;1355
PRD0902291;1421
PRD0902286;684
PRD0902283;2474
PRD0902284;3044
PRD0902289;1370
PRD0902287;515
PRD0902288;1268
PRD0902297;260
PRD0902294;756
PRD0902295;3444
PRD0902298;3203
PRD0902299;3185
PRD0902270;2549
PRD0902269;1507
PRD0903594;3708
PRD0902264;1354
PRD0903592;2128
PRD0902261;3742
PRD0902262;394
PRD0903593;2866
PRD0903598;682
PRD0902267;2337
PRD0902268;580
PRD0903599;1625
PRD0902265;37
PRD0903596;1282
PRD0902266;353
PRD0903597;2453
PRD0902282;2466
PRD0902280;2633
PRD0902274;3545
PRD0902275;3037
PRD0902272;3144
PRD0902273;3233
PRD0902278;2722
PRD0902279;2320
PRD0902276;2095
PRD0902277;192
PRD0902490;1811
PRD0902491;1516
PRD0901160;2479
PRD0901158;3857
PRD0902489;2531
PRD0901151;1841
PRD0902483;3860
PRD0901150;256
PRD0902484;261
PRD0901153;527
PRD0902481;3168
PRD0901152;151
PRD0902482;689
PRD0902487;2003
PRD0902488;2801
PRD0901157;567
PRD0902485;3385
PRD0902486;1419
PRD0901171;1789
PRD0901170;672
PRD0901169;3285
PRD0902494;3280
PRD0901161;1532
PRD0902492;3089
PRD0901163;749
PRD0902493;3850
PRD0901166;2582
PRD0902498;3253
PRD0901165;393
PRD0902499;638
PRD0901168;12
PRD0902496;2081
PRD0902497;989
PRD0901167;1745
PRD0901137;1451
PRD0902469;2289
PRD0901136;439
PRD0903798;1935
PRD0902467;2227
PRD0901139;3142
PRD0902468;721
PRD0903799;2347
PRD0901138;2752
PRD0903792;3547
PRD0902461;3768
PRD0902462;593
PRD0903790;1435
PRD0901131;2494
PRD0903791;1635
PRD0902460;3407
PRD0901133;32
PRD0902465;1250
PRD0903796;2131
PRD0901132;2057
PRD0903797;3789
PRD0903794;1999
PRD0902463;3316
PRD0901134;245
PRD0902464;1552
PRD0902480;826
PRD0901148;857
PRD0901147;1095
PRD0902478;669
PRD0902479;13
PRD0902472;175
PRD0901140;306
PRD0902473;1801
PRD0902470;3619
PRD0901142;3675
PRD0901141;651
PRD0902471;2526
PRD0901144;1855
PRD0902476;3466
PRD0902477;579
PRD0901143;2880
PRD0901146;1842
PRD0902474;3404
PRD0901145;613
PRD0903778;2191
PRD0902447;2587
PRD0901114;1154
PRD0903779;2424
PRD0903776;160
PRD0902445;3701
PRD0901116;732
PRD0903777;1721
PRD0902446;2744
PRD0901119;2586
PRD0901118;2904
PRD0902449;454
PRD0903770;1013
PRD0903771;2389
PRD0902440;3043
PRD0902443;398
PRD0903774;773
PRD0901111;2250
PRD0902444;3403
PRD0901110;3450
PRD0901113;1483
PRD0903772;2657
PRD0902441;3775
PRD0901112;1341
PRD0903789;1509
PRD0902459;1775
PRD0901125;3550
PRD0903787;58
PRD0901128;2593
PRD0902456;3488
PRD0903788;14
PRD0902457;1084
PRD0901127;3445
PRD0901129;2421
PRD0903781;2614
PRD0902450;3661
PRD0903782;1595
PRD0902451;2566
PRD0901122;953
PRD0903786;562
PRD0902455;2363
PRD0901121;3271
PRD0901124;1004
PRD0902452;1442
PRD0903783;2689
PRD0902453;162
PRD0901123;475
PRD0902425;1311
PRD0903757;1602
PRD0902426;2532
PRD0902423;488
PRD0902424;1453
PRD0902429;1584
PRD0902427;1896
PRD0903758;3558
PRD0903759;1882
PRD0902422;1259
PRD0903753;2342
PRD0903750;119
PRD0903751;320
PRD0902420;1873
PRD0903767;2693
PRD0901104;3411
PRD0902436;3745
PRD0901103;2283
PRD0903768;2365
PRD0903765;1026
PRD0902434;3304
PRD0901106;3506
PRD0901105;770
PRD0902435;2817
PRD0901108;3829
PRD0902438;2144
PRD0903769;2378
PRD0901109;1774
PRD0902439;2574
PRD0903760;1869
PRD0903763;1741
PRD0901100;2442
PRD0902432;3080
PRD0903764;797
PRD0902430;616
PRD0903761;767
PRD0901102;2851
PRD0901101;438
PRD0902431;463
PRD0903762;1671
PRD0902409;2459
PRD0902403;2884
PRD0903735;2004
PRD0902404;2425
PRD0902401;3649
PRD0903733;1383
PRD0902402;3356
PRD0902407;452
PRD0903738;3508
PRD0902408;131
PRD0903739;1367
PRD0902405;25
PRD0902406;1468
PRD0903737;2975
PRD0903730;2942
PRD0903731;1136
PRD0902400;1957
PRD0903745;1902
PRD0902414;2668
PRD0903746;384
PRD0902415;2955
PRD0902412;2845
PRD0903744;2333
PRD0902413;3830
PRD0903749;3807
PRD0902419;3589
PRD0902416;3339
PRD0903747;3806
PRD0902417;2196
PRD0903748;3432
PRD0902410;2433
PRD0903741;3290
PRD0902411;6
PRD0903740;1322
PRD0903718;3319
PRD0900686;591
PRD0900685;1834
PRD0900688;1020
PRD0903710;3268
PRD0903711;2291
PRD0900687;2799
PRD0903717;2059
PRD0900689;3420
PRD0903714;2917
PRD0900680;2469
PRD0900682;3577
PRD0900684;600
PRD0900683;1763
PRD0903729;3159
PRD0903723;1204
PRD0903724;2561
PRD0903721;1555
PRD0900699;3342
PRD0903722;1588
PRD0900698;2149
PRD0903727;1155
PRD0903728;1695
PRD0903725;3606
PRD0900691;315
PRD0900690;2322
PRD0903720;1372
PRD0900692;2341
PRD0900695;718
PRD0900664;3091
PRD0901994;2214
PRD0900663;3798
PRD0900666;1610
PRD0901997;1991
PRD0900665;855
PRD0901996;1946
PRD0900668;3306
PRD0901998;637
PRD0900667;1522
PRD0900669;2143
PRD0900660;1197
PRD0901991;2012
PRD0901990;792
PRD0900662;1622
PRD0901992;1848
PRD0903707;2896
PRD0900675;1710
PRD0903701;3755
PRD0900674;2825
PRD0903702;3814
PRD0900677;2476
PRD0900676;123
PRD0903700;3260
PRD0903705;370
PRD0900679;599
PRD0903706;870
PRD0903703;81
PRD0903704;1547
PRD0900670;552
PRD0900673;1152
PRD0900672;1531
PRD0900649;170
PRD0901973;759
PRD0901972;3598
PRD0900641;3615
PRD0901975;1835
PRD0900644;3029
PRD0900643;823
PRD0901974;1732
PRD0901977;3
PRD0900645;3722
PRD0900648;543
PRD0900647;2329
PRD0901978;3291
PRD0901971;1990
PRD0900640;3496
PRD0901970;1825
PRD0900653;544
PRD0901983;141
PRD0900655;2648
PRD0901986;3323
PRD0901985;573
PRD0900654;1642
PRD0901988;2748
PRD0901987;516
PRD0900656;1285
PRD0900659;3841
PRD0900658;2812
PRD0901989;2947
PRD0901982;667
PRD0900651;3437
PRD0901981;1734
PRD0901959;2323
PRD0900628;2948
PRD0901958;2974
PRD0900627;3680
PRD0901951;3691
PRD0901950;3665
PRD0900622;2009
PRD0901953;2913
PRD0900621;2639
PRD0901955;884
PRD0900624;3039
PRD0900623;1665
PRD0901954;2386
PRD0901957;1462
PRD0900626;2497
PRD0900639;1549
PRD0901969;406
PRD0900638;2892
PRD0900631;948
PRD0901962;1447
PRD0901961;834
PRD0900630;3521
PRD0900633;400
PRD0901964;3552
PRD0900632;1079
PRD0901966;1540
PRD0901965;35
PRD0900634;3605
PRD0900637;1431
PRD0901968;3479
PRD0900636;1664
PRD0901967;2032
PRD0901960;2318
PRD0901937;621
PRD0900606;2610
PRD0901936;1160
PRD0900605;1254
PRD0900608;2173
PRD0901939;3669
PRD0901938;683
PRD0900607;843
PRD0900609;791
PRD0901931;1052
PRD0901930;3115
PRD0901933;247
PRD0900602;1165
PRD0901935;1128
PRD0900603;751
PRD0901948;1081
PRD0900617;2982
PRD0900619;3023
PRD0900618;1663
PRD0901942;3116
PRD0900610;2967
PRD0900613;416
PRD0901944;425
PRD0901946;1452
PRD0900615;2666
PRD0900614;628
PRD0901945;1053
PRD0904191;403
PRD0904192;404
PRD0904190;3283
PRD0904195;1267
PRD0904196;2677
PRD0904194;1175
PRD0901915;1724
PRD0901914;1041
PRD0901917;1432
PRD0901916;209
PRD0901919;860
PRD0901918;1031
PRD0901913;3586
PRD0901912;3406
PRD0904188;3602
PRD0901926;545
PRD0901925;1916
PRD0901928;3467
PRD0901927;2416
PRD0901929;577
PRD0901920;2443
PRD0901921;1351
PRD0901924;959
PRD0901923;2037
PRD0904199;1087
PRD0904197;3483
PRD0904198;3341
PRD0904170;1130
PRD0904173;3459
PRD0904174;2501
PRD0904171;1500
PRD0904166;3458
PRD0904167;887
PRD0904164;2509
PRD0904165;2802
PRD0904168;3647
PRD0904169;790
PRD0904184;16
PRD0904185;1388
PRD0904182;2927
PRD0904183;155
PRD0901904;1849
PRD0901903;3427
PRD0901906;367
PRD0901905;3498
PRD0901908;3129
PRD0901907;1768
PRD0901909;1301
PRD0901900;622
PRD0901901;186
PRD0904177;3170
PRD0904178;2306
PRD0904175;3240
PRD0904176;3429
PRD0904152;222
PRD0904150;2936
PRD0904144;2158
PRD0904142;1313
PRD0904143;1487
PRD0904148;1222
PRD0904149;1472
PRD0904162;191
PRD0904163;1190
PRD0904160;2728
PRD0904161;3612
PRD0904155;1831
PRD0904156;2505
PRD0904154;2383
PRD0904159;3293
PRD0904157;360
PRD0904158;876
PRD0904130;2832
PRD0904129;1324
PRD0904122;3529
PRD0904123;1298
PRD0904120;268
PRD0901098;1512
PRD0904121;1626
PRD0901097;3198
PRD0901099;2996
PRD0904127;3160
PRD0904124;2127
PRD0904125;3720
PRD0904140;189
PRD0904141;3069
PRD0904139;2965
PRD0904133;448
PRD0904134;1954
PRD0904132;3583
PRD0904138;2274
PRD0904136;863
PRD0901081;694
PRD0901080;3114
PRD0901083;125
PRD0901082;1632
PRD0904108;2528
PRD0904109;1438
PRD0904107;676
PRD0904100;747
PRD0901074;3141
PRD0904101;1817
PRD0901076;1504
PRD0901075;546
PRD0901078;625
PRD0901077;1185
PRD0904102;3266
PRD0904103;286
PRD0901079;2165
PRD0901090;2219
PRD0901092;2749
PRD0901094;244
PRD0901093;517
PRD0904119;3685
PRD0901084;1348
PRD0904112;3399
PRD0901087;2743
PRD0901086;2006
PRD0904110;2355
PRD0901089;2304
PRD0904115;3367
PRD0901088;171
PRD0904116;3842
PRD0904113;798
PRD0904114;762
PRD0902391;3844
PRD0902392;467
PRD0902390;130
PRD0901060;204
PRD0901059;1167
PRD0901052;1412
PRD0902385;3651
PRD0901051;3652
PRD0902382;2397
PRD0901054;3725
PRD0901053;2506
PRD0902388;2241
PRD0901056;3147
PRD0901055;1288
PRD0902389;1649
PRD0902386;1591
PRD0901058;3014
PRD0901070;138
PRD0901072;2673
PRD0901071;1740
PRD0902395;1394
PRD0901063;2464
PRD0901062;1519
PRD0902396;2242
PRD0901065;2601
PRD0902394;5
PRD0901067;482
PRD0902399;720
PRD0901066;490
PRD0901069;2040
PRD0902398;688
PRD0901068;851
PRD0903459;3630
PRD0902128;3832
PRD0902129;11
PRD0904789;1345
PRD0903457;2475
PRD0902126;2837
PRD0903458;1655
PRD0904788;2085
PRD0902127;3568
PRD0902120;1998
PRD0903451;2125
PRD0903452;266
PRD0902121;910
PRD0904782;1973
PRD0904781;1108
PRD0904780;21
PRD0902124;1520
PRD0903455;2797
PRD0904786;358
PRD0902125;659
PRD0903456;1356
PRD0904785;1002
PRD0902122;1138
PRD0903454;3624
PRD0903470;3426
PRD0902139;1343
PRD0902137;1179
PRD0903468;3131
PRD0903469;575
PRD0902138;868
PRD0904794;392
PRD0903463;27
PRD0902132;668
PRD0904793;2000
PRD0903460;178
PRD0904792;1083
PRD0904791;822
PRD0902130;1258
PRD0903466;1445
PRD0904797;82
PRD0903467;2616
PRD0902136;3196
PRD0903464;3344
PRD0902134;1781
PRD0904795;2796
PRD0903465;3418
PRD0903437;79
PRD0902106;846
PRD0903438;510
PRD0902107;1346
PRD0903435;3390
PRD0904766;1968
PRD0903436;2962
PRD0902105;3074
PRD0903439;235
PRD0902108;2647
PRD0902109;1023
PRD0904761;513
PRD0903430;816
PRD0904760;1755
PRD0902102;1184
PRD0903433;3653
PRD0902103;960
PRD0903434;2555
PRD0904764;3250
PRD0904763;1449
PRD0902100;2073
PRD0903432;2480
PRD0902101;2747
PRD0902117;2674
PRD0902118;71
PRD0903449;840
PRD0902115;1010
PRD0904778;3078
PRD0903446;3155
PRD0902116;248
PRD0903447;409
PRD0904777;1103
PRD0902119;1492
PRD0903440;1823
PRD0904772;3076
PRD0903441;383
PRD0902110;596
PRD0904771;2488
PRD0904776;947
PRD0903444;2604
PRD0904775;269
PRD0903445;1386
PRD0904774;338
PRD0903442;3402
PRD0904773;1922
PRD0902112;2086
PRD0900390;680
PRD0903415;1837
PRD0900388;1062
PRD0904746;1627
PRD0904745;1481
PRD0903413;3799
PRD0903414;2540
PRD0904744;3461
PRD0903419;2661
PRD0903417;950
PRD0904749;1604
PRD0904748;1279
PRD0900381;3284
PRD0900380;167
PRD0900382;198
PRD0904743;312
PRD0900385;1042
PRD0900384;29
PRD0903412;1901
PRD0904742;2360
PRD0900387;2240
PRD0903410;1174
PRD0904740;2563
PRD0900386;3833
PRD0903426;2411
PRD0904758;2715
PRD0904757;927
PRD0903427;1605
PRD0900399;2102
PRD0904756;3362
PRD0904755;1738
PRD0903428;1546
PRD0903429;197
PRD0904759;2462
PRD0904750;2570
PRD0900391;2471
PRD0900394;1336
PRD0900393;2034
PRD0900396;973
PRD0904754;1846
PRD0903422;2740
PRD0900395;168
PRD0903423;1523
PRD0900398;169
PRD0904752;3408
PRD0904751;1475
PRD0900397;2212
PRD0901698;1723
PRD0904725;2937
PRD0900367;3018
PRD0900366;1949
PRD0904723;390
PRD0900369;1090
PRD0901699;140
PRD0904722;1369
PRD0900368;3386
PRD0904729;2154
PRD0904728;3670
PRD0904727;3811
PRD0904726;2022
PRD0901692;2938
PRD0900361;3596
PRD0900360;2428
PRD0901691;3364
PRD0901694;1871
PRD0900363;2249
PRD0904721;2546
PRD0904720;1396
PRD0900362;2253
PRD0901693;3766
PRD0901695;3804
PRD0904736;595
PRD0900378;3531
PRD0903405;3845
PRD0903402;1024
PRD0903403;1530
PRD0904733;1603
PRD0903408;298
PRD0904739;2252
PRD0903409;2340
PRD0904738;455
PRD0903407;745
PRD0904737;2177
PRD0900370;1703
PRD0900372;420
PRD0900371;2426
PRD0904732;1596
PRD0900374;2359
PRD0903400;3262
PRD0903401;849
PRD0904731;2284
PRD0900373;2413
PRD0900376;896
PRD0904730;3267
PRD0900375;1833
PRD0904709;3512
PRD0904708;3287
PRD0904703;642
PRD0900345;1122
PRD0901676;1707
PRD0901675;1200
PRD0900347;2054
PRD0901678;3567
PRD0900346;526
PRD0901677;3135
PRD0900349;3245
PRD0904707;3576
PRD0900348;699
PRD0901679;1711
PRD0904705;3430
PRD0904704;1229
PRD0901670;2065
PRD0901672;208
PRD0900341;2223
PRD0900340;1698
PRD0901674;772
PRD0900343;3188
PRD0901673;1181
PRD0900342;2392
PRD0904719;2736
PRD0900356;426
PRD0901687;2807
PRD0904714;3616
PRD0904713;2665
PRD0900358;2829
PRD0901688;329
PRD0904711;655
PRD0900357;740
PRD0904718;3298
PRD0900359;349
PRD0904715;1934
PRD0901681;3463
PRD0900350;3783
PRD0901680;1403
PRD0904710;776
PRD0901682;2495
PRD0900354;671
PRD0901685;1276
PRD0901684;1759
PRD0900353;3422
PRD0902986;1694
PRD0902987;1702
PRD0901653;2104
PRD0900322;3513
PRD0902984;619
PRD0901656;1726
PRD0900325;3452
PRD0900324;166
PRD0901655;1199
PRD0902985;3846
PRD0900327;2008
PRD0901658;3421
PRD0900326;3202
PRD0900329;1893
PRD0902988;2953
PRD0902989;1701
PRD0900328;3225
PRD0901659;3599
PRD0902982;381
PRD0901650;1093
PRD0901652;491
PRD0902980;921
PRD0900321;967
PRD0901651;782
PRD0900320;2646
PRD0902997;2920
PRD0901665;3343
PRD0900333;1377
PRD0900336;2189
PRD0901667;2407
PRD0902995;3699
PRD0901666;2596
PRD0900335;3034
PRD0900338;2713
PRD0901669;2815
PRD0900337;2164
PRD0902999;2671
PRD0900339;2846
PRD0900330;2245
PRD0902993;3392
PRD0900332;85
PRD0901663;2077
PRD0902991;3604
PRD0900331;972
PRD0901662;1066
PRD0900309;3764
PRD0901639;893
PRD0900308;1212
PRD0901632;3122
PRD0900300;1926
PRD0901631;3642
PRD0902962;317
PRD0901634;3416
PRD0900302;88
PRD0902963;2285
PRD0902968;56
PRD0901636;1689
PRD0900305;3096
PRD0902969;40
PRD0901635;2415
PRD0900304;2932
PRD0901638;2565
PRD0900306;1272
PRD0902967;2429
PRD0901637;2655
PRD0902960;2179
PRD0900319;3477
PRD0900312;243
PRD0900311;292
PRD0902976;3158
PRD0900314;1653
PRD0901645;3423
PRD0901644;2331
PRD0902974;2628
PRD0900313;3809
PRD0902979;1238
PRD0901647;2134
PRD0900316;2281
PRD0900315;2808
PRD0901649;2963
PRD0900318;2979
PRD0901648;825
PRD0902978;1444
PRD0902971;2064
PRD0900310;943
PRD0902970;41
PRD0901618;2595
PRD0901617;280
PRD0902948;334
PRD0901619;1051
PRD0901610;858
PRD0902942;1496
PRD0901612;2380
PRD0902940;3793
PRD0902941;1682
PRD0901611;1980
PRD0901614;1885
PRD0902946;2260
PRD0901613;1829
PRD0902947;3855
PRD0902944;380
PRD0901616;1059
PRD0902945;2539
PRD0901615;3770
PRD0901629;3838
PRD0901628;3741
PRD0902959;407
PRD0901621;1619
PRD0902953;2878
PRD0901620;589
PRD0902954;737
PRD0902951;1720
PRD0901622;1550
PRD0902952;2688
PRD0902957;821
PRD0901624;1045
PRD0902958;2007
PRD0901627;227
PRD0901626;3066
PRD0902950;2455
PRD0902928;1164
PRD0902929;316
PRD0902927;3464
PRD0902920;661
PRD0902924;869
PRD0902925;1928
PRD0902923;414
PRD0902939;2842
PRD0901609;2454
PRD0901608;1137
PRD0902938;1826
PRD0902931;3660
PRD0901601;3769
PRD0902930;605
PRD0901600;2048
PRD0901603;1529
PRD0902936;1962
PRD0901605;3667
PRD0902934;794
PRD0901604;1582
PRD0902906;2122
PRD0902907;133
PRD0902904;1405
PRD0902908;559
PRD0902909;1985
PRD0902903;1485
PRD0902900;938
PRD0902901;1760
PRD0902917;1536
PRD0902918;3858
PRD0902915;379
PRD0902916;1240
PRD0902919;920
PRD0902913;193
PRD0902914;3601
PRD0902911;2795
PRD0902912;1133
PRD0902090;3021
PRD0902091;1295
PRD0902094;3632
PRD0902092;447
PRD0902093;2307
PRD0902087;498
PRD0902088;2362
PRD0902098;726
PRD0902099;107
PRD0902096;2615
PRD0902097;1748
PRD0902072;1594
PRD0902070;2721
PRD0903396;1505
PRD0902065;3067
PRD0902066;1404
PRD0903397;3413
PRD0903394;2636
PRD0902063;2662
PRD0903395;9
PRD0902064;978
PRD0902069;90
PRD0903398;2966
PRD0903399;228
PRD0902068;1551
PRD0902083;2072
PRD0902084;2437
PRD0902081;2068
PRD0902082;2899
PRD0902076;3533
PRD0902077;988
PRD0902074;760
PRD0902075;803
PRD0902078;2590
PRD0902079;3502
PRD0902050;3235
PRD0903382;1559
PRD0902051;2911
PRD0903380;3834
PRD0902049;1420
PRD0902043;885
PRD0903374;1644
PRD0902044;2167
PRD0903375;3485
PRD0902041;2468
PRD0903372;3415
PRD0903373;355
PRD0903378;1008
PRD0902047;3462
PRD0902048;3757
PRD0903376;2354
PRD0902045;3454
PRD0903377;382
PRD0903392;1586
PRD0902061;3302
PRD0903393;795
PRD0902062;3825
PRD0903390;2603
PRD0902060;556
PRD0902054;1557
PRD0902055;2643
PRD0903386;3762
PRD0902052;2493
PRD0903383;3191
PRD0902053;1614
PRD0903384;2618
PRD0903389;8
PRD0902058;3405
PRD0902059;2816
PRD0902056;1633
PRD0903387;1677
PRD0903388;1074
PRD0903360;1638
PRD0904690;1742
PRD0902029;507
PRD0902027;1072
PRD0902028;1984
PRD0903359;2951
PRD0904684;503
PRD0903352;2900
PRD0902021;3573
PRD0903353;590
PRD0902022;3707
PRD0902020;259
PRD0904681;389
PRD0902025;1693
PRD0904688;2176
PRD0902026;2714
PRD0904687;3200
PRD0904686;1824
PRD0902023;3737
PRD0902024;1226
PRD0903355;3361
PRD0903370;2527
PRD0903371;1754
PRD0902040;2010
PRD0903369;2231
PRD0904695;775
PRD0902032;917
PRD0903364;986
PRD0904693;2482
PRD0903362;418
PRD0902031;2704
PRD0904692;3335
PRD0902036;875
PRD0903367;2978
PRD0904699;3024
PRD0904698;343
PRD0904697;1891
PRD0903365;2119
PRD0902034;2667
PRD0903366;999
PRD0904696;3068
PRD0903580;3523
PRD0902247;2408
PRD0903578;3735
PRD0902248;2789
PRD0903579;3005
PRD0903572;1234
PRD0902241;3230
PRD0902242;632
PRD0903570;3788
PRD0903571;142
PRD0902240;3305
PRD0903576;3557
PRD0902245;3593
PRD0903577;548
PRD0902243;333
PRD0903574;2186
PRD0903590;318
PRD0903591;930
PRD0902258;3022
PRD0902259;998
PRD0902252;1704
PRD0903583;3634
PRD0902253;3349
PRD0902250;1676
PRD0903581;3607
PRD0903582;2500
PRD0902256;1861
PRD0903588;159
PRD0902257;210
PRD0902254;296
PRD0903585;1670
PRD0903586;1265
PRD0902255;1488
PRD0903558;1564
PRD0902227;3736
PRD0904889;3264
PRD0904888;22
PRD0903556;283
PRD0902225;2263
PRD0904887;323
PRD0903557;479
PRD0902226;1073
PRD0902229;3698
PRD0904882;708
PRD0904881;66
PRD0902220;710
PRD0904880;813
PRD0904886;359
PRD0903554;3600
PRD0902224;3070
PRD0903552;1800
PRD0902221;2814
PRD0902222;578
PRD0904883;2294
PRD0903569;449
PRD0902238;3694
PRD0902239;1393
PRD0903567;520
PRD0904899;2906
PRD0904898;466
PRD0902237;2731
PRD0903561;808
PRD0904893;1028
PRD0904892;3326
PRD0904891;2861
PRD0903560;113
PRD0904890;2594
PRD0903565;707
PRD0902234;3130
PRD0904897;3183
PRD0903566;3688
PRD0902232;820
PRD0903563;1921
PRD0904895;3033
PRD0903564;561
PRD0902233;2554
PRD0904868;1680
PRD0902205;1807
PRD0903536;3336
PRD0904867;1739
PRD0902206;2820
PRD0904866;1474
PRD0902203;1654
PRD0902204;2855
PRD0903535;3092
PRD0904865;3380
PRD0902209;3211
PRD0903538;356
PRD0902207;656
PRD0904869;1940
PRD0903539;3795
PRD0904860;586
PRD0902201;1981
PRD0903532;3836
PRD0904863;1590
PRD0903533;2370
PRD0902200;200
PRD0904861;1210
PRD0903531;3148
PRD0902216;652
PRD0904879;2642
PRD0903547;2811
PRD0904878;96
PRD0902217;1058
PRD0903548;2787
PRD0902214;565
PRD0903545;2070
PRD0904877;2683
PRD0904876;777
PRD0902215;1100
PRD0902218;1857
PRD0902219;1291
PRD0904871;952
PRD0903540;2106
PRD0904870;2775
PRD0903543;1406
PRD0902212;2396
PRD0902213;913
PRD0904874;937
PRD0903544;1366
PRD0903541;1365
PRD0903542;675
PRD0904872;2735
PRD0903514;303
PRD0904846;1860
PRD0900488;3610
PRD0900487;974
PRD0903515;1364
PRD0904845;2108
PRD0900489;1171
PRD0903513;1762
PRD0904843;3847
PRD0903518;2197
PRD0904849;2063
PRD0903516;734
PRD0904848;2782
PRD0904847;340
PRD0900482;2269
PRD0900481;2183
PRD0900484;1960
PRD0903510;3030
PRD0904842;3239
PRD0904841;812
PRD0903511;1402
PRD0900483;2412
PRD0904840;1652
PRD0900486;2914
PRD0904857;65
PRD0900499;1018
PRD0903525;1314
PRD0903526;214
PRD0904856;1636
PRD0900498;2818
PRD0903523;42
PRD0904855;1589
PRD0904854;345
PRD0903524;1463
PRD0903529;135
PRD0903527;2929
PRD0904859;2960
PRD0903528;2305
PRD0900491;2684
PRD0900490;3035
PRD0900493;156
PRD0900492;2983
PRD0903521;2550
PRD0904853;2867
PRD0903522;646
PRD0900494;1043
PRD0904852;2844
PRD0904851;1884
PRD0903520;525
PRD0904850;2839
PRD0901797;2767
PRD0900465;98
PRD0904823;2023
PRD0904822;715
PRD0900468;1548
PRD0901799;1766
PRD0901798;402
PRD0904821;1092
PRD0900467;2536
PRD0904828;2385
PRD0900469;769
PRD0904827;3419
PRD0904826;2255
PRD0904825;2132
PRD0901791;2339
PRD0900460;2881
PRD0900462;1249
PRD0904820;1892
PRD0900461;350
PRD0901792;2890
PRD0900464;1684
PRD0901795;3721
PRD0900463;122
PRD0901794;2576
PRD0903509;3673
PRD0900477;2014
PRD0904834;1239
PRD0900476;1976
PRD0900479;3863
PRD0904832;194
PRD0900478;2140
PRD0903502;3152
PRD0904839;3678
PRD0903507;3689
PRD0904838;1104
PRD0903505;1227
PRD0904836;2551
PRD0900471;2487
PRD0900470;3590
PRD0900473;3205
PRD0904831;3813
PRD0904830;657
PRD0900472;1375
PRD0903500;3629
PRD0900475;1566
PRD0900474;2160
PRD0904809;2312
PRD0904808;2418
PRD0901775;1221
PRD0900444;1751
PRD0904802;3388
PRD0900443;3872
PRD0901777;1544
PRD0904800;3505
PRD0901776;572
PRD0900445;2016
PRD0904806;215
PRD0901779;1022
PRD0900448;3535
PRD0904805;339
PRD0901778;818
PRD0900447;1411
PRD0904804;2718
PRD0904803;714
PRD0900449;1339
PRD0900440;421
PRD0901771;1039
PRD0901770;3540
PRD0901773;1787
PRD0900442;3295
PRD0904818;3868
PRD0904813;453
PRD0901786;1506
PRD0900454;23
PRD0901785;3401
PRD0900457;1374
PRD0901788;3081
PRD0900456;614
PRD0901787;2101
PRD0904810;3138
PRD0904817;146
PRD0900459;3633
PRD0901789;1476
PRD0904815;252
PRD0904814;3127
PRD0901780;3702
PRD0900450;1580
PRD0901781;3657
PRD0900453;1208
PRD0900452;1017
PRD0900429;3478
PRD0901753;1182
PRD0900422;2638
PRD0901752;1613
PRD0900421;3767
PRD0900424;3111
PRD0901755;3475
PRD0900423;2096
PRD0901754;2847
PRD0900426;1286
PRD0901757;1843
PRD0900425;2928
PRD0901759;2517
PRD0901758;1908
PRD0900427;2952
PRD0900420;1078
PRD0901750;3369
PRD0900433;2303
PRD0901764;3123
PRD0900432;550
PRD0901763;929
PRD0900435;471
PRD0901766;555
PRD0900434;2868
PRD0901765;3812
PRD0901768;2194
PRD0900437;3526
PRD0901767;1577
PRD0900436;2367
PRD0900439;3204
PRD0900438;366
PRD0901769;2298
PRD0900431;2043
PRD0901762;2537
PRD0901761;1400
PRD0900430;1929
PRD0901739;1253
PRD0900408;2873
PRD0900407;89
PRD0901738;3640
PRD0900409;2889
PRD0900400;30
PRD0901730;1727
PRD0901733;1327
PRD0900401;1158
PRD0901732;3664
PRD0901735;2098
PRD0900403;3275
PRD0901734;3382
PRD0900406;1662
PRD0900405;3637
PRD0901749;1201
PRD0901742;1691
PRD0900411;1756
PRD0901741;2026
PRD0900410;3644
PRD0901744;1434
PRD0900413;1687
PRD0901743;3087
PRD0900412;3822
PRD0900415;305
PRD0901746;2366
PRD0900414;1728
PRD0901745;3093
PRD0900417;2431
PRD0901747;2138
PRD0900416;2804
PRD0901740;378
PRD0901717;2894
PRD0901716;977
PRD0901719;1878
PRD0901718;1690
PRD0901711;373
PRD0901713;1429
PRD0901712;719
PRD0901715;3481
PRD0901728;1630
PRD0901727;859
PRD0901729;2139
PRD0901720;1514
PRD0901721;2599
PRD0901723;3002
PRD0901706;1385
PRD0901705;477
PRD0901708;3734
PRD0901707;2507
PRD0901700;3587
PRD0901702;3234
PRD0901701;2439
PRD0901704;2174
PRD0901703;2171
PRD0902190;2623
PRD0902194;1392
PRD0902191;1494
PRD0902192;1318
PRD0902186;1897
PRD0902187;1909
PRD0902185;2361
PRD0902188;1900
PRD0902189;440
PRD0902197;2423
PRD0902198;295
PRD0902199;1879
PRD0902171;3088
PRD0902170;173
PRD0903495;2835
PRD0902164;3853
PRD0902165;980
PRD0903496;2885
PRD0902162;1903
PRD0902163;4
PRD0903494;1493
PRD0903499;2461
PRD0902168;2826
PRD0902169;2083
PRD0903497;464
PRD0902166;2753
PRD0902167;225
PRD0903498;1231
PRD0902182;3511
PRD0902183;2446
PRD0902180;788
PRD0902181;1904
PRD0902175;3821
PRD0902176;3474
PRD0902179;3195
PRD0903480;3012
PRD0903481;1025
PRD0902150;3009
PRD0903479;1112
PRD0902148;1325
PRD0902149;597
PRD0903473;660
PRD0902142;979
PRD0902143;2656
PRD0902140;86
PRD0903471;1186
PRD0903472;1554
PRD0902141;2762
PRD0903477;1168
PRD0902146;3097
PRD0903478;2790
PRD0903475;369
PRD0902144;1868
PRD0902145;1992
PRD0903476;2935
PRD0903491;992
PRD0902160;3819
PRD0903492;1609
PRD0903490;991
PRD0902159;1866
PRD0902153;3453
PRD0903485;1410
PRD0902154;3570
PRD0902151;1964
PRD0903482;3828
PRD0902157;3247
PRD0903489;1478
PRD0902158;1578
PRD0902155;1598
PRD0903486;2838
PRD0903487;148
PRD0903217;2916
PRD0904549;3494
PRD0903218;2523
PRD0904548;2738
PRD0904547;686
PRD0903215;1135
PRD0904546;3676
PRD0903216;3777
PRD0903219;1473
PRD0904541;3071
PRD0900183;3542
PRD0904540;2311
PRD0900182;3321
PRD0900185;3003
PRD0900187;1486
PRD0904545;2159
PRD0903213;3761
PRD0903214;94
PRD0904544;3360
PRD0903211;75
PRD0900189;1989
PRD0900188;1568
PRD0903212;2358
PRD0903228;112
PRD0903229;57
PRD0904559;744
PRD0904558;2958
PRD0904557;571
PRD0903227;1256
PRD0904552;1389
PRD0903221;1146
PRD0904551;1306
PRD0900196;1815
PRD0900195;2130
PRD0900198;2577
PRD0903224;3104
PRD0904555;641
PRD0903225;3436
PRD0904554;1470
PRD0903222;1571
PRD0903223;789
PRD0900199;2053
PRD0904553;3313
PRD0900170;3310
PRD0900169;842
PRD0904527;2490
PRD0901499;50
PRD0900168;116
PRD0904526;3865
PRD0904525;888
PRD0904529;3334
PRD0904528;926
PRD0900161;2458
PRD0901492;2833
PRD0901491;2166
PRD0900160;3102
PRD0900162;78
PRD0901496;883
PRD0904523;1426
PRD0900165;3471
PRD0904522;289
PRD0901495;364
PRD0900164;3187
PRD0900167;505
PRD0901498;1790
PRD0900166;729
PRD0904520;2726
PRD0900181;2055
PRD0900180;3214
PRD0904538;3176
PRD0904537;640
PRD0900179;3325
PRD0903207;3591
PRD0903204;1601
PRD0903205;886
PRD0904535;1570
PRD0903208;2769
PRD0904539;3209
PRD0904530;1503
PRD0900172;3716
PRD0900171;226
PRD0900174;483
PRD0900173;83
PRD0903202;2402
PRD0904534;2879
PRD0900176;3796
PRD0900175;274
PRD0904533;620
PRD0903203;1264
PRD0904532;1490
PRD0903200;2336
PRD0900178;2613
PRD0904531;372
PRD0900177;2452
PRD0904505;665
PRD0901478;1194
PRD0900147;2182
PRD0904504;1303
PRD0900146;1573
PRD0901477;3397
PRD0900149;2205
PRD0904503;3073
PRD0904502;1942
PRD0900148;3765
PRD0904509;1920
PRD0904508;2195
PRD0904507;2239
PRD0904506;288
PRD0901470;3045
PRD0900140;1683
PRD0900143;291
PRD0901474;2886
PRD0904501;3184
PRD0901473;2047
PRD0900142;2082
PRD0904500;2976
PRD0900145;1337
PRD0901476;3711
PRD0901475;2324
PRD0900144;3318
PRD0901490;2686
PRD0900158;2374
PRD0901489;2477
PRD0904516;3320
PRD0900157;1715
PRD0901488;2299
PRD0904514;1014
PRD0900159;365
PRD0904513;3818
PRD0904519;1162
PRD0904518;1091
PRD0904517;2463
PRD0900150;1510
PRD0901481;3614
PRD0901480;1275
PRD0901483;2290
PRD0900151;914
PRD0901482;3340
PRD0900154;2033
PRD0904511;47
PRD0900153;2848
PRD0901484;3609
PRD0904510;925
PRD0901487;3655
PRD0900155;346
PRD0901486;612
PRD0900125;2934
PRD0901456;3282
PRD0902789;1307
PRD0901455;3186
PRD0900124;3443
PRD0901458;279
PRD0902786;2024
PRD0900127;3308
PRD0902787;1209
PRD0901457;2573
PRD0900129;1674
PRD0900128;897
PRD0901459;3490
PRD0902780;2612
PRD0902781;2440
PRD0901450;246
PRD0900121;157
PRD0902784;3791
PRD0901451;1937
PRD0902785;3537
PRD0902782;1139
PRD0900123;3314
PRD0901466;1819
PRD0900135;2044
PRD0901469;712
PRD0900138;2328
PRD0901468;376
PRD0902798;3366
PRD0900139;521
PRD0902792;2350
PRD0900130;3242
PRD0901461;3713
PRD0902790;1620
PRD0901463;2046
PRD0900132;2297
PRD0902795;2875
PRD0902796;1889
PRD0901465;3167
PRD0900133;2188
PRD0901464;2251
PRD0902794;2863
PRD0901434;1910
PRD0900103;3739
PRD0902766;3805
PRD0902767;38
PRD0900102;2204
PRD0900105;1997
PRD0902764;3146
PRD0900104;1657
PRD0901435;2369
PRD0900107;801
PRD0901437;3820
PRD0900109;188
PRD0902769;1888
PRD0900108;3329
PRD0901430;2015
PRD0902763;1607
PRD0902760;945
PRD0901432;3061
PRD0900101;3519
PRD0901431;1718
PRD0902777;1287
PRD0901445;2114
PRD0900114;3797
PRD0900113;2771
PRD0902778;3497
PRD0902775;1172
PRD0900116;3763
PRD0901446;766
PRD0902776;2091
PRD0900115;2384
PRD0901449;866
PRD0900118;2315
PRD0901448;1951
PRD0900117;3840
PRD0900119;755
PRD0902770;3524
PRD0901441;18
PRD0902773;1443
PRD0901440;3016
PRD0902774;3588
PRD0901443;2750
PRD0900112;3801
PRD0900111;2395
PRD0902772;2702
PRD0901419;1274
PRD0901412;1305
PRD0901411;2533
PRD0902745;3536
PRD0901414;824
PRD0902742;2215
PRD0902743;2485
PRD0901413;2756
PRD0901416;1820
PRD0902748;2456
PRD0902749;1006
PRD0901415;1467
PRD0902746;486
PRD0902747;2757
PRD0901417;2908
PRD0902740;2230
PRD0901410;2703
PRD0901423;1446
PRD0902755;3528
PRD0901422;705
PRD0902756;3854
PRD0902753;878
PRD0901424;519
PRD0902754;2887
PRD0902759;1624
PRD0901427;1899
PRD0901426;203
PRD0901429;1668
PRD0902757;1814
PRD0901428;1263
PRD0902758;3571
PRD0902751;1518
PRD0902752;1996
PRD0901421;1931
PRD0901420;1970
PRD0902728;722
PRD0902729;850
PRD0902722;3389
PRD0902723;1425
PRD0902720;3692
PRD0902721;2692
PRD0902724;442
PRD0901409;3792
PRD0901408;2375
PRD0901401;1350
PRD0902733;2473
PRD0902734;313
PRD0901400;957
PRD0902731;2481
PRD0901403;2706
PRD0902732;2557
PRD0901402;2903
PRD0901405;1441
PRD0902737;3010
PRD0901404;2732
PRD0901407;219
PRD0902735;704
PRD0902736;1765
PRD0901406;2001
PRD0902709;1562
PRD0902706;1312
PRD0902707;1382
PRD0902700;309
PRD0902704;2152
PRD0902702;1651
PRD0902719;2519
PRD0902717;2723
PRD0902718;1623
PRD0902712;3636
PRD0902710;1068
PRD0902715;983
PRD0902713;3094
PRD0900983;493
PRD0900982;969
PRD0900984;956
PRD0900986;528
PRD0900989;2126
PRD0900981;3106
PRD0900994;1218
PRD0900993;2864
PRD0900996;1851
PRD0900995;3638
PRD0900998;1049
PRD0900997;105
PRD0900999;3257
PRD0900991;2256
PRD0900968;1358
PRD0900961;2265
PRD0900963;2089
PRD0900962;624
PRD0900965;3163
PRD0900964;2472
PRD0900967;931
PRD0900966;1408
PRD0900979;3779
PRD0900972;968
PRD0900971;1089
PRD0900973;2685
PRD0900976;3140
PRD0900975;3539
PRD0900978;2270
PRD0900977;768
PRD0900946;844
PRD0900948;1675
PRD0900943;1716
PRD0900942;1783
PRD0900944;1326
PRD0900958;2969
PRD0900959;1328
PRD0900951;328
PRD0900954;1961
PRD0900953;3165
PRD0900956;2117
PRD0900955;2788
PRD0900925;374
PRD0900927;3119
PRD0900926;327
PRD0900929;3150
PRD0900928;873
PRD0900921;3393
PRD0900920;2544
PRD0900923;473
PRD0900922;1699
PRD0903198;2124
PRD0903199;19
PRD0903196;1894
PRD0903197;2895
PRD0900936;915
PRD0900935;1241
PRD0900938;474
PRD0900937;3327
PRD0900939;933
PRD0900930;2766
PRD0900931;1340
PRD0900934;588
PRD0900933;1666
PRD0903183;1925
PRD0903184;154
PRD0903181;2146
PRD0900903;3370
PRD0900902;1280
PRD0900905;3585
PRD0900904;3468
PRD0900907;99
PRD0900906;2277
PRD0900908;899
PRD0900901;1977
PRD0900900;2980
PRD0903176;697
PRD0903177;2644
PRD0903174;1836
PRD0903175;3451
PRD0903178;2670
PRD0903179;3300
PRD0903190;282
PRD0903191;2571
PRD0903194;265
PRD0903195;2343
PRD0903192;1423
PRD0903193;3733
PRD0900914;1673
PRD0900915;3099
PRD0900918;271
PRD0900917;497
PRD0900919;3057
PRD0900912;1995
PRD0900911;436
PRD0903188;2705
PRD0903185;3227
PRD0903189;1332
PRD0903161;264
PRD0904493;2717
PRD0904492;564
PRD0903162;799
PRD0904490;287
PRD0903154;1344
PRD0904486;3286
PRD0903152;1242
PRD0904484;3058
PRD0904483;963
PRD0903153;3085
PRD0903158;836
PRD0904489;1417
PRD0903159;2660
PRD0904488;371
PRD0903156;2286
PRD0904487;1035
PRD0903157;1537
PRD0903172;3412
PRD0903170;1302
PRD0903171;478
PRD0903166;733
PRD0904496;2261
PRD0904495;237
PRD0903164;727
PRD0904494;2062
PRD0903169;2449
PRD0904499;829
PRD0903168;1714
PRD0904498;2248
PRD0903140;220
PRD0904470;1672
PRD0903138;1437
PRD0904469;59
PRD0903139;1971
PRD0904464;3559
PRD0904463;1290
PRD0903133;2110
PRD0903130;241
PRD0904462;2039
PRD0903131;2625
PRD0903136;177
PRD0904468;3221
PRD0903137;1986
PRD0903134;1821
PRD0904466;2031
PRD0903135;443
PRD0904465;2809
PRD0904482;3199
PRD0904481;2175
PRD0904480;811
PRD0903149;2630
PRD0903143;281
PRD0904475;2163
PRD0903144;903
PRD0904474;1616
PRD0903141;902
PRD0903142;3726
PRD0903147;730
PRD0904479;2781
PRD0904478;754
PRD0903145;2050
PRD0904477;2161
PRD0903146;3051
PRD0900091;1579
PRD0900093;2266
PRD0900092;3516
PRD0904447;1708
PRD0903117;3729
PRD0903110;1036
PRD0900084;3019
PRD0904442;3372
PRD0904441;76
PRD0900083;1131
PRD0903111;2729
PRD0904440;1384
PRD0900085;3222
PRD0903114;428
PRD0900088;1502
PRD0904446;3594
PRD0903115;410
PRD0900087;1484
PRD0904445;2129
PRD0904444;77
PRD0903112;700
PRD0903113;1501
PRD0904443;2649
PRD0900089;3787
PRD0904460;3098
PRD0903129;3182
PRD0903127;26
PRD0904459;3095
PRD0904458;1106
PRD0903128;1281
PRD0904453;1169
PRD0900095;2516
PRD0903121;3428
PRD0903122;786
PRD0904452;3038
PRD0900094;3848
PRD0900097;238
PRD0903120;3391
PRD0904450;3648
PRD0903125;662
PRD0900099;2275
PRD0903123;1180
PRD0904455;2135
PRD0904454;502
PRD0902007;331
PRD0903338;758
PRD0902008;36
PRD0904669;1679
PRD0903339;3782
PRD0903336;7
PRD0904668;2226
PRD0904667;1952
PRD0902006;3771
PRD0902009;3869
PRD0903330;1497
PRD0904662;3486
PRD0904661;413
PRD0902000;949
PRD0903331;1907
PRD0904660;828
PRD0903334;838
PRD0904666;2724
PRD0902003;3338
PRD0903335;2772
PRD0904664;2682
PRD0902001;2836
PRD0903332;3738
PRD0904663;52
PRD0903333;1812
PRD0904680;2690
PRD0902018;1696
PRD0903349;2520
PRD0902019;128
PRD0904679;95
PRD0902016;539
PRD0903348;1086
PRD0904678;1565
PRD0902017;2259
PRD0903341;807
PRD0902010;1011
PRD0904673;3008
PRD0904672;912
PRD0903342;1822
PRD0902011;2211
PRD0904670;1778
PRD0903340;2770
PRD0902014;2258
PRD0904677;2891
PRD0902015;332
PRD0904676;2675
PRD0902012;2492
PRD0904675;3414
PRD0902013;422
PRD0904674;1223
PRD0900291;1029
PRD0900290;348
PRD0903316;2821
PRD0904648;2877
PRD0904647;678
PRD0903317;1117
PRD0900289;1948
PRD0903315;2598
PRD0904645;2669
PRD0904649;2653
PRD0900282;1304
PRD0904640;2637
PRD0900284;993
PRD0903312;2141
PRD0900286;2898
PRD0903313;1395
PRD0900285;2045
PRD0904643;3373
PRD0904642;1236
PRD0903311;3236
PRD0904641;3674
PRD0900287;3704
PRD0903327;746
PRD0903328;783
PRD0904658;2645
PRD0903325;354
PRD0904657;1147
PRD0904656;3000
PRD0903329;2558
PRD0904651;982
PRD0900293;3613
PRD0900292;966
PRD0903320;1969
PRD0904650;2968
PRD0900295;2783
PRD0900294;636
PRD0900297;2902
PRD0900296;87
PRD0903324;2376
PRD0903321;750
PRD0904652;217
PRD0900298;2056
PRD0901599;3175
PRD0904626;3248
PRD0900267;1016
PRD0901598;2778
PRD0904624;2181
PRD0904623;1572
PRD0900269;3746
PRD0904627;3534
PRD0900260;1347
PRD0901591;3031
PRD0901590;2041
PRD0900262;1450
PRD0901593;3207
PRD0901592;2338
PRD0900261;3330
PRD0904622;784
PRD0900264;2233
PRD0900263;679
PRD0904621;1142
PRD0901594;1975
PRD0904620;725
PRD0901597;2287
PRD0900265;149
PRD0900280;17
PRD0904637;702
PRD0904636;424
PRD0900278;1448
PRD0903306;3276
PRD0903303;1127
PRD0903304;890
PRD0904634;1883
PRD0903309;995
PRD0903307;1069
PRD0904639;2288
PRD0903308;837
PRD0904638;1213
PRD0900271;2200
PRD0900270;242
PRD0900273;984
PRD0900272;3815
PRD0903301;251
PRD0900275;434
PRD0904632;2235
PRD0903302;3438
PRD0900274;3718
PRD0900277;2592
PRD0903300;1111
PRD0904630;3153
PRD0901577;239
PRD0904604;2417
PRD0901576;2893
PRD0904603;3272
PRD0901579;909
PRD0900248;1353
PRD0904602;2123
PRD0900247;196
PRD0904601;2069
PRD0901578;2680
PRD0904608;1333
PRD0900249;468
PRD0904606;647
PRD0904605;3495
PRD0901571;1805
PRD0900242;223
PRD0901573;1148
PRD0904600;1722
PRD0900241;1852
PRD0900244;1914
PRD0901574;2504
PRD0900243;2843
PRD0904615;48
PRD0901588;1806
PRD0904614;462
PRD0900256;1170
PRD0901587;1211
PRD0904613;357
PRD0900259;3324
PRD0901589;257
PRD0904612;2404
PRD0900258;2600
PRD0904619;3060
PRD0904618;3315
PRD0904617;2813
PRD0904616;780
PRD0901580;2157
PRD0900251;666
PRD0901584;127
PRD0901586;547
PRD0900255;2567
PRD0900254;69
PRD0901585;554
PRD0902887;176
PRD0901555;2002
PRD0900224;3054
PRD0901554;3156
PRD0900226;1631
PRD0900225;522
PRD0901556;2755
PRD0902886;3378
PRD0900228;324
PRD0900227;2840
PRD0901558;2854
PRD0902889;570
PRD0900229;1599
PRD0902880;1173
PRD0902883;583
PRD0900220;854
PRD0901551;2922
PRD0901553;1924
PRD0902881;3084
PRD0900222;3639
PRD0900221;341
PRD0902882;533
PRD0901552;3507
PRD0902898;262
PRD0900235;2368
PRD0900234;391
PRD0902899;649
PRD0901565;1853
PRD0902896;3064
PRD0901568;3134
PRD0902897;132
PRD0900236;2786
PRD0901567;2849
PRD0900239;536
PRD0900238;1030
PRD0901569;1870
PRD0902890;618
PRD0902891;2092
PRD0901560;2870
PRD0901562;433
PRD0900231;3584
PRD0902894;3710
PRD0901561;172
PRD0902895;1082
PRD0900230;3543
PRD0900233;971
PRD0902892;1912
PRD0901564;2236
PRD0901563;1427
PRD0900209;3307
PRD0900202;158
PRD0901533;845
PRD0900201;206
PRD0901532;3143
PRD0902866;3565
PRD0901535;476
PRD0900204;2302
PRD0902863;3107
PRD0901537;2823
PRD0902869;3472
PRD0900205;3493
PRD0901536;3747
PRD0902867;2018
PRD0901539;3358
PRD0902868;574
PRD0900207;2410
PRD0902861;2720
PRD0902862;1007
PRD0900200;165
PRD0901531;994
PRD0902860;1428
PRD0901530;2972
PRD0902876;368
PRD0901544;377
PRD0900213;2387
PRD0900212;347
PRD0901543;1872
PRD0902877;3232
PRD0900215;1048
PRD0901546;2422
PRD0902874;2585
PRD0901545;908
PRD0900214;1216
PRD0902875;3075
PRD0901548;506
PRD0900217;815
PRD0901547;458
PRD0900216;1686
PRD0900219;1105
PRD0902878;2624
PRD0900218;55
PRD0901549;687
PRD0901540;3383
PRD0902873;1517
PRD0900211;928
PRD0901542;3040
PRD0901541;958
PRD0900210;2257
PRD0902871;3435
PRD0901519;2330
PRD0901518;2765
PRD0902849;3839
PRD0902843;1508
PRD0901510;537
PRD0902844;940
PRD0901513;1361
PRD0902841;2632
PRD0902842;1140
PRD0901515;1563
PRD0902847;3551
PRD0901514;2246
PRD0902848;2923
PRD0902845;2514
PRD0901516;1863
PRD0902840;118
PRD0901529;1317
PRD0901522;294
PRD0902855;1207
PRD0901521;2687
PRD0902852;109
PRD0901524;1491
PRD0901523;3574
PRD0902853;3862
PRD0902858;3625
PRD0902859;3522
PRD0901528;1413
PRD0902856;1700
PRD0901527;2
PRD0902850;1283
PRD0901520;1424
PRD0902829;1454
PRD0902821;2635
PRD0902822;696
PRD0902825;2989
PRD0902826;2954
PRD0901508;1360
PRD0901507;3218
PRD0902838;2496
PRD0902839;2874
PRD0901500;207
PRD0902832;1455
PRD0902833;2541
PRD0901502;1612
PRD0901501;2210
PRD0901504;2353
PRD0902836;2737
PRD0902837;2943
PRD0901503;3228
PRD0901506;72
PRD0902834;3063
PRD0901505;307
PRD0902807;3803
PRD0902808;594
PRD0902805;2806
PRD0902809;1363
PRD0902803;1867
PRD0902804;2444
PRD0902801;39
PRD0902802;3190
PRD0902819;542
PRD0902816;3246
PRD0902817;54
PRD0902810;1574
PRD0902814;3121
PRD0902815;3686
PRD0902812;2028
PRD0902813;711
PRD0903297;698
PRD0903298;509
PRD0903295;1464
PRD0903296;3363
PRD0903282;853
PRD0903283;2118
PRD0903280;3580
PRD0903276;3299
PRD0903273;2420
PRD0903274;2491
PRD0903279;2216
PRD0903278;3355
PRD0903290;1637
PRD0903294;3578
PRD0903291;1761
PRD0903286;1144
PRD0903287;1401
PRD0903284;1798
PRD0903285;1874
PRD0903288;796
PRD0903260;1660
PRD0904592;1737
PRD0904591;2860
PRD0904590;3802
PRD0903259;2882
PRD0903253;161
PRD0904585;2652
PRD0904584;3572
PRD0903254;3859
PRD0903251;2841
PRD0903257;923
PRD0904588;2773
PRD0903255;1585
PRD0904587;2859
PRD0903256;763
PRD0903271;234
PRD0903270;51
PRD0904596;1065
PRD0903264;3263
PRD0903265;213
PRD0904595;2021
PRD0903262;3611
PRD0904594;3774
PRD0904593;1057
PRD0903263;3409
PRD0904599;240
PRD0903269;560
PRD0903266;1196
PRD0904598;2467
PRD0903267;3748
PRD0904570;3032
PRD0903239;3213
PRD0904569;511
PRD0904568;1390
PRD0903231;2499
PRD0903232;2734
PRD0904561;2136
PRD0903230;2051
PRD0904567;1736
PRD0903235;3489
PRD0904566;1608
PRD0903233;297
PRD0904565;3562
PRD0903234;690
PRD0904564;1641
PRD0904581;2534
PRD0903250;607
PRD0904580;2317
PRD0903248;3164
PRD0904579;444
PRD0903249;3294
PRD0904574;512
PRD0903242;3758
PRD0903243;806
PRD0903240;2198
PRD0904572;2434
PRD0903241;862
PRD0903246;2267
PRD0903247;2036
PRD0904577;3269
PRD0904576;337
PRD0903244;3620
PRD0903245;566
PRD0904575;2583
